Portfolio,fullname
2071880,Brandon L. Jackson
2071880,Kathleen A. Carter
2056874,Andrew M. Coolidge
2056874,Brenda T. Harding
2047411,Jennifer D. Taylor
2003761,Nicole S. Arthur
2095472,William O. Carter
2056009,Jennifer U. Coolidge
2039140,Brian R. Biden
2039345,Deborah Z. Hayes
2071894,Amanda O. Johnson
2038548,Matthew S. McKinley
2007538,Joseph S. Hoover
2087060,Sandra M. Pierce
2016813,Ryan T. Monroe
2037681,Susan L. Wilson
2013711,Timothy T. Ford
2078533,Emily X. Arthur
2045023,Donna C. Harrison
2066342,Amanda N. Tyler
2083390,Dorothy H. Buchanan
2021339,Donna W. Van Buren
2097326,Joseph Z. Reagan
2038112,Cynthia F. Pierce
2090558,Christopher T. Hayes
2064777,Nicholas Q. Tyler
2062018,Donald V. Hayes
2052443,Sarah B. Fillmore
2028592,Mark F. Eisenhower
2052213,Donna U. Madison
2069670,Timothy F. Harding
2090000,Edward B. Taylor
2039725,Dorothy U. Pierce
2092686,Scott D. Grant
2033012,Ruth Y. Buchanan
2051689,Melissa B. Johnson
2041351,Joseph K. Monroe
2006913,John B. Cleveland
2026276,Elizabeth G. Arthur
2065256,Deborah Q. Nixon
2021114,Brenda R. Nixon
2056312,Paul I. Polk
2010010,Shirley U. Johnson
2001975,Brandon O. Johnson
2008468,Thomas M. Jefferson
2040432,Justin Z. Jackson
2059712,Michelle R. Wilson
2022650,Larry L. Jefferson
2028302,Helen U. Cleveland
2009543,Melissa V. Harding
2027735,David A. Reagan
2050059,Andrew M. Fillmore
2007589,Susan M. Coolidge
2079320,Kathleen P. Jefferson
2026504,Christopher J. Biden
2072750,John E. Garfield
2033233,Andrew T. Kennedy
2041111,Brandon B. Adams
2012350,Jessica E. Jefferson
2076897,Barbara V. Nixon
2095344,Ronald G. Jefferson
2079798,Sharon L. Kennedy
2065219,Donna U. Taft
2015251,Richard H. McKinley
2043306,Donna H. Pierce
2027773,James B. Van Buren
2061419,Brian O. Harrison
2053287,Stephanie I. Pierce
2018452,Shirley U. Roosevelt
2063190,Ruth D. Washington
2031973,Larry I. Carter
2031642,Daniel E. Van Buren
2038919,David U. Obama
2028321,Brandon P. Arthur
2051982,Barbara A. Clinton
2062088,Gary I. Buchanan
2006624,Brian G. Clinton
2090369,Carol Y. Washington
2081641,Dorothy X. Lincoln
2072536,Sharon U. Pierce
2074704,Anthony M. Carter
2074280,Jeffrey I. Garfield
2047356,Anna A. Johnson
2093617,Cynthia X. Harding
2035338,Jeffrey T. Washington
2004200,Anna Z. Truman
2076643,Sharon G. Adams
2068727,Jonathan P. Carter
2037057,Thomas V. Arthur
2050254,Steven Q. Hoover
2059720,Steven F. Coolidge
2077827,David M. Fillmore
2079386,Jeffrey T. Hoover
2088759,Gary P. Nixon
2071706,William P. McKinley
2011753,William M. Harrison
2074691,Scott T. Polk
2022062,Amanda S. Jackson
2018294,Jennifer M. Adams
2078460,Shirley F. Obama
200005720,Thomas N. Tyler
200005720,Laura U. Bush
200005720,Brandon X. Clinton
200005720,Melissa G. Taft
200106555,Michael K. Johnson
200106555,Amanda M. Van Buren
200103710,Kevin B. Tyler
200107837,Christopher K. Taylor
200103074,Michelle V. Ford
200109070,Anna E. Grant
200105814,Rebecca W. Harding
200114711,Scott V. Johnson
200108655,Donna K. McKinley
200106433,Ashley C. Adams
200099975,Stephen X. McKinley
200112146,Stephen W. Grant
200103817,Scott M. Johnson
200104094,Gary H. Jackson
200105943,Karen G. Nixon
200104124,Betty G. Bush
200103491,Eric R. Taylor
200108936,Elizabeth F. Johnson
200108895,Melissa K. Reagan
200101478,Shirley C. Harding
200106010,Barbara K. Pierce
200108980,Nicholas Y. Clinton
200106603,Elizabeth Z. Hayes
200107964,Sharon X. Trump
200110740,Kenneth D. Roosevelt
200111038,Jason M. Bush
200103542,Laura E. Carter
200106386,Patricia Z. McKinley
200105461,Donald J. Taylor
200102983,Mark K. Eisenhower
200101811,Pamela D. Truman
200107928,Amy L. Cleveland
200100286,Jennifer N. Lincoln
200110031,Mary I. Bush
200102091,Andrew D. Jackson
200109479,Mark C. Kennedy
200110863,Cynthia P. Harding
200103961,Charles W. Obama
200109112,Paul N. Roosevelt
200101615,Donna J. Monroe
200108199,Mark W. Johnson
200109213,Margaret N. Cleveland
200104837,Mark E. Harrison
200103845,Kimberly Z. Bush
200101795,Scott G. Arthur
200100882,Christopher Z. McKinley
200104303,Jacob A. Eisenhower
200100150,Brandon X. Taft
200107775,Michelle V. Carter
200115854,Kenneth L. Bush
200107108,Michelle A. Madison
200100901,Daniel H. Taylor
200109567,Matthew C. Clinton
200114078,Paul I. Reagan
200108257,Richard W. Polk
200106880,Richard Z. Bush
200103864,John W. Garfield
200104826,John I. Buchanan
200109540,Shirley K. Coolidge
200107686,Matthew K. Garfield
200104748,Kathleen V. Biden
200111545,Daniel V. Johnson
200100970,Joseph G. Wilson
200108010,Kevin V. Fillmore
200108179,William X. Obama
200105414,George X. Taft
200103416,Steven M. Taylor
200100979,Patricia M. Fillmore
200103078,Amy D. Jackson
200102722,Charles N. Polk
200106321,Patricia Z. Johnson
200109883,Matthew F. Taylor
200109646,Rebecca C. Biden
200102835,Emily S. Eisenhower
200103406,Christopher X. Biden
200102745,Joshua A. Cleveland
200109925,Kevin C. Carter
200102806,Anthony I. Biden
200102385,James W. Polk
200105714,Dorothy Q. Harding
200103954,Betty C. Johnson
200104106,Eric Q. Madison
200101684,Joshua C. Monroe
200098753,Edward D. Washington
200108897,Eric Y. Truman
200111848,Lisa O. Nixon
200104837,Jason Q. Monroe
200101686,Donald A. Truman
200103663,Sarah W. Eisenhower
200097945,Betty C. Tyler
200110258,Donna I. Clinton
200107507,Pamela G. Madison
200104599,Larry D. Pierce
200110553,Jason E. Monroe
200109204,Jonathan L. Taylor
200103556,Nancy M. Taft
200104491,Sandra X. Ford